CropDays,SoilMoisture,Temperature,Humidity,Tempmax,Tempmin,Evapotranspiration,CropFactor,Waterneed
1,718,14,57,30,19,5.2029,0.45,2.341305
1,622,21,51,30,19,5.2029,0.45,2.341305
1,502,21,42,30,19,5.2029,0.45,1.636957
1,469,22,30,30,19,5.2029,0.45,1.529348
1,468,21,38,30,19,5.2029,0.45,1.526087
1,441,28,46,30,19,5.2029,0.45,1.438044
1,576,15,53,30,19,5.2029,0.45,1.878261
1,467,16,31,30,19,5.2029,0.45,1.522827
1,256,19,28,30,19,5.2029,0.45,0
1,106,14,29,30,19,5.2029,0.45,0
2,690,17,48,30.3,18.9,5.21532,0.45,2.346894
2,636,20,32,30.3,18.9,5.21532,0.45,2.346894
2,517,21,50,30.3,18.9,5.21532,0.45,1.75847
2,545,21,37,30.3,18.9,5.21532,0.45,1.853706
2,395,23,37,30.3,18.9,5.21532,0.45,1.343512
2,541,17,52,30.3,18.9,5.21532,0.45,1.840101
2,439,16,48,30.3,18.9,5.21532,0.45,1.493169
2,420,21,54,30.3,18.9,5.21532,0.45,1.428544
2,330,22,53,30.3,18.9,5.21532,0.45,0
2,246,24,46,30.3,18.9,5.21532,0.45,0
3,673,18,44,30.5,18.9,5.22774,0.45,2.352483
3,614,22,48,30.5,18.9,5.22774,0.45,2.352483
3,505,14,46,30.5,18.9,5.22774,0.45,1.765236
3,380,20,45,30.5,18.9,5.22774,0.45,1.328296
3,531,27,47,30.5,18.9,5.22774,0.45,1.85612
3,464,25,57,30.5,18.9,5.22774,0.45,1.62192
3,580,26,44,30.5,18.9,5.22774,0.45,2.0274
3,552,15,45,30.5,18.9,5.22774,0.45,1.929525
3,370,25,36,30.5,18.9,5.22774,0.45,0
3,367,19,54,30.5,18.9,5.22774,0.45,0
4,715,20,44,30,19.1,5.20911,0.45,2.3440995
4,638,23,58,30,19.1,5.20911,0.45,2.3440995
4,446,20,27,30,19.1,5.20911,0.45,1.462194
4,513,15,55,30,19.1,5.20911,0.45,1.68185
4,384,21,57,30,19.1,5.20911,0.45,1.258929
4,417,23,47,30,19.1,5.20911,0.45,1.367118
4,451,23,31,30,19.1,5.20911,0.45,1.478586
4,465,14,37,30,19.1,5.20911,0.45,1.524484
4,223,22,36,30,19.1,5.20911,0.45,0
4,227,15,30,30,19.1,5.20911,0.45,0
5,688,24,56,29.2,18.8,5.1408,0.45,2.31336
5,677,21,49,29.2,18.8,5.1408,0.45,2.31336
5,571,14,44,29.2,18.8,5.1408,0.45,1.919954
5,453,14,37,29.2,18.8,5.1408,0.45,1.523186
5,471,15,40,29.2,18.8,5.1408,0.45,1.58371
5,468,22,38,29.2,18.8,5.1408,0.45,1.573623
5,547,25,38,29.2,18.8,5.1408,0.45,1.839256
5,513,26,38,29.2,18.8,5.1408,0.45,1.724933
5,300,22,39,29.2,18.8,5.1408,0.45,0
5,346,17,35,29.2,18.8,5.1408,0.45,0
6,716,26,37,30.9,19.2,5.27121,0.45,2.3720445
6,600,15,47,30.9,19.2,5.27121,0.45,2.3720445
6,575,21,49,30.9,19.2,5.27121,0.45,1.904924
6,495,20,53,30.9,19.2,5.27121,0.45,1.639891
6,505,27,58,30.9,19.2,5.27121,0.45,1.67302
6,593,17,31,30.9,19.2,5.27121,0.45,1.964556
6,536,22,40,30.9,19.2,5.27121,0.45,1.77572
6,411,26,37,30.9,19.2,5.27121,0.45,1.361607
6,130,15,30,30.9,19.2,5.27121,0.45,0
6,218,14,35,30.9,19.2,5.27121,0.45,0
7,671,14,28,30.5,18.7,5.21532,0.45,2.346894
7,633,22,34,30.5,18.7,5.21532,0.45,2.346894
7,467,26,26,30.5,18.7,5.21532,0.45,1.633382
7,472,18,27,30.5,18.7,5.21532,0.45,1.65087
7,411,26,53,30.5,18.7,5.21532,0.45,1.437516
7,595,15,35,30.5,18.7,5.21532,0.45,2.081076
7,453,22,48,30.5,18.7,5.21532,0.45,1.584416
7,600,23,26,30.5,18.7,5.21532,0.45,2.098564
7,169,23,55,30.5,18.7,5.21532,0.45,0
7,313,14,56,30.5,18.7,5.21532,0.45,0
8,652,17,47,29.9,19,5.19669,0.45,2.3385105
8,641,23,49,29.9,19,5.19669,0.45,2.3385105
8,519,14,47,29.9,19,5.19669,0.45,1.861483
8,404,20,26,29.9,19,5.19669,0.45,1.449016
8,414,21,44,29.9,19,5.19669,0.45,1.484882
8,374,27,58,29.9,19,5.19669,0.45,1.341416
8,560,26,42,29.9,19,5.19669,0.45,2.008537
8,497,20,52,29.9,19,5.19669,0.45,1.782576
8,179,28,34,29.9,19,5.19669,0.45,0
8,174,18,56,29.9,19,5.19669,0.45,0
9,718,22,46,30.4,18.9,5.22153,0.45,2.3496885
9,662,21,47,30.4,18.9,5.22153,0.45,2.3496885
9,470,17,25,30.4,18.9,5.22153,0.45,1.538097
9,416,22,40,30.4,18.9,5.22153,0.45,1.361379
9,466,19,25,30.4,18.9,5.22153,0.45,1.525007
9,536,23,26,30.4,18.9,5.22153,0.45,1.754085
9,457,19,40,30.4,18.9,5.22153,0.45,1.495554
9,443,28,55,30.4,18.9,5.22153,0.45,1.449738
9,192,22,45,30.4,18.9,5.22153,0.45,0
9,264,27,37,30.4,18.9,5.22153,0.45,0
10,681,25,30,29.8,19.3,5.20911,0.45,2.3440995
10,644,18,42,29.8,19.3,5.20911,0.45,2.3440995
10,538,16,32,29.8,19.3,5.20911,0.45,1.851873
10,533,18,48,29.8,19.3,5.20911,0.45,1.834662
10,510,14,34,29.8,19.3,5.20911,0.45,1.755493
10,585,21,34,29.8,19.3,5.20911,0.45,2.013654
10,433,24,44,29.8,19.3,5.20911,0.45,1.490448
10,409,18,39,29.8,19.3,5.20911,0.45,1.407837
10,285,17,37,29.8,19.3,5.20911,0.45,0
10,260,22,39,29.8,19.3,5.20911,0.45,0
11,695,19,58,30.3,19,5.22153,0.45,2.3496885
11,622,20,25,30.3,19,5.22153,0.45,2.3496885
11,553,27,53,30.3,19,5.22153,0.45,1.869608
11,387,15,55,30.3,19,5.22153,0.45,1.308388
11,387,17,47,30.3,19,5.22153,0.45,1.308388
11,592,22,48,30.3,19,5.22153,0.45,2.001461
11,400,14,42,30.3,19,5.22153,0.45,1.352339
11,478,14,57,30.3,19,5.22153,0.45,1.616045
11,108,19,31,30.3,19,5.22153,0.45,0
11,116,19,30,30.3,19,5.22153,0.45,0
12,665,17,30,30.1,18.9,5.2029,0.45,2.341305
12,626,27,44,30.1,18.9,5.2029,0.45,2.341305
12,549,16,26,30.1,18.9,5.2029,0.45,1.932897
12,466,16,56,30.1,18.9,5.2029,0.45,1.640674
12,506,23,31,30.1,18.9,5.2029,0.45,1.781504
12,517,20,33,30.1,18.9,5.2029,0.45,1.820233
12,492,28,35,30.1,18.9,5.2029,0.45,1.732214
12,435,18,57,30.1,18.9,5.2029,0.45,1.53153
12,251,15,36,30.1,18.9,5.2029,0.45,0
12,224,19,41,30.1,18.9,5.2029,0.45,0
13,677,25,53,30,19.1,5.20911,0.45,2.3440995
13,621,14,27,30,19.1,5.20911,0.45,2.3440995
13,461,21,41,30,19.1,5.20911,0.45,1.596204
13,505,26,25,30,19.1,5.20911,0.45,1.748553
13,539,25,49,30,19.1,5.20911,0.45,1.866277
13,462,25,27,30,19.1,5.20911,0.45,1.599666
13,400,23,28,30,19.1,5.20911,0.45,1.384992
13,542,17,53,30,19.1,5.20911,0.45,1.876665
13,235,28,28,30,19.1,5.20911,0.45,0
13,259,25,45,30,19.1,5.20911,0.45,0
14,704,16,58,29.7,18.8,5.17185,0.45,2.3273325
14,672,25,30,29.7,18.8,5.17185,0.45,2.3273325
14,524,19,47,29.7,18.8,5.17185,0.45,1.732276
14,370,19,54,29.7,18.8,5.17185,0.45,1.223172
14,472,24,58,29.7,18.8,5.17185,0.45,1.560371
14,379,22,25,29.7,18.8,5.17185,0.45,1.252925
14,526,23,53,29.7,18.8,5.17185,0.45,1.738888
14,420,20,46,29.7,18.8,5.17185,0.45,1.388465
14,113,26,52,29.7,18.8,5.17185,0.45,0
14,267,28,29,29.7,18.8,5.17185,0.45,0
15,718,28,49,29.9,19.5,5.22774,0.45,2.352483
15,601,27,57,29.9,19.5,5.22774,0.45,2.352483
15,531,17,25,29.9,19.5,5.22774,0.45,1.739789
15,535,18,29,29.9,19.5,5.22774,0.45,1.752895
15,500,28,34,29.9,19.5,5.22774,0.45,1.638219
15,409,18,39,29.9,19.5,5.22774,0.45,1.340063
15,371,15,37,29.9,19.5,5.22774,0.45,1.215559
15,462,16,34,29.9,19.5,5.22774,0.45,1.513715
15,218,17,26,29.9,19.5,5.22774,0.45,0
15,164,14,27,29.9,19.5,5.22774,0.45,0
16,683,22,52,29.8,19.2,5.2029,0.45,2.341305
16,643,26,25,29.8,19.2,5.2029,0.45,2.341305
16,388,20,54,29.8,19.2,5.2029,0.45,1.330053
16,508,25,30,29.8,19.2,5.2029,0.45,1.74141
16,534,20,34,29.8,19.2,5.2029,0.45,1.830537
16,435,14,29,29.8,19.2,5.2029,0.45,1.491168
16,418,14,53,29.8,19.2,5.2029,0.45,1.432892
16,454,23,45,29.8,19.2,5.2029,0.45,1.556299
16,365,18,33,29.8,19.2,5.2029,0.45,0
16,187,22,49,29.8,19.2,5.2029,0.45,0
17,698,25,47,30,19.3,5.22153,0.45,2.3496885
17,622,26,39,30,19.3,5.22153,0.45,2.3496885
17,591,24,56,30,19.3,5.22153,0.45,1.989493
17,405,28,26,30,19.3,5.22153,0.45,1.363358
17,461,20,26,30,19.3,5.22153,0.45,1.551872
17,492,26,28,30,19.3,5.22153,0.45,1.656227
17,438,21,44,30,19.3,5.22153,0.45,1.474446
17,485,23,48,30,19.3,5.22153,0.45,1.632663
17,314,28,42,30,19.3,5.22153,0.45,0
17,136,22,35,30,19.3,5.22153,0.45,0
18,670,17,31,29.7,19.5,5.21532,0.45,2.346894
18,607,14,52,29.7,19.5,5.21532,0.45,2.346894
18,394,15,45,29.7,19.5,5.21532,0.45,1.380114
18,494,23,32,29.7,19.5,5.21532,0.45,1.730396
18,469,26,41,29.7,19.5,5.21532,0.45,1.642826
18,554,25,48,29.7,19.5,5.21532,0.45,1.940566
18,387,16,37,29.7,19.5,5.21532,0.45,1.355594
18,556,26,53,29.7,19.5,5.21532,0.45,1.947572
18,186,22,57,29.7,19.5,5.21532,0.45,0
18,181,18,55,29.7,19.5,5.21532,0.45,0
19,702,16,52,30.1,18.7,5.19048,0.45,2.335716
19,608,21,29,30.1,18.7,5.19048,0.45,2.335716
19,596,28,46,30.1,18.7,5.19048,0.45,1.98303
19,516,24,39,30.1,18.7,5.19048,0.45,1.716851
19,400,14,28,30.1,18.7,5.19048,0.45,1.330892
19,454,14,57,30.1,18.7,5.19048,0.45,1.510563
19,499,19,47,30.1,18.7,5.19048,0.45,1.660288
19,372,27,33,30.1,18.7,5.19048,0.45,1.23773
19,345,21,55,30.1,18.7,5.19048,0.45,0
19,338,15,55,30.1,18.7,5.19048,0.45,0
20,694,22,54,29.9,19.4,5.22153,0.45,2.3496885
20,603,16,28,29.9,19.4,5.22153,0.45,2.3496885
20,573,20,41,29.9,19.4,5.22153,0.45,1.940017
20,460,18,34,29.9,19.4,5.22153,0.45,1.55743
20,489,15,37,29.9,19.4,5.22153,0.45,1.655616
20,582,28,58,29.9,19.4,5.22153,0.45,1.970488
20,483,20,28,29.9,19.4,5.22153,0.45,1.635302
20,479,16,39,29.9,19.4,5.22153,0.45,1.621759
20,116,26,45,29.9,19.4,5.22153,0.45,0
20,199,28,43,29.9,19.4,5.22153,0.45,0
21,705,21,52,30.2,19,5.21532,0.45,2.346894
21,654,18,33,30.2,19,5.21532,0.45,2.346894
21,471,16,38,30.2,19,5.21532,0.45,1.567925
21,503,27,50,30.2,19,5.21532,0.45,1.674451
21,377,25,29,30.2,19,5.21532,0.45,1.255006
21,419,19,56,30.2,19,5.21532,0.45,1.394821
21,516,18,26,30.2,19,5.21532,0.45,1.717727
21,523,17,53,30.2,19,5.21532,0.45,1.741029
21,334,16,29,30.2,19,5.21532,0.45,0
21,195,15,54,30.2,19,5.21532,0.45,0
22,711,23,47,30.1,19.1,5.21532,0.45,2.346894
22,649,16,35,30.1,19.1,5.21532,0.45,2.346894
22,377,24,40,30.1,19.1,5.21532,0.45,1.244415
22,405,25,26,30.1,19.1,5.21532,0.45,1.336838
22,408,25,35,30.1,19.1,5.21532,0.45,1.346741
22,595,25,42,30.1,19.1,5.21532,0.45,1.963997
22,564,16,32,30.1,19.1,5.21532,0.45,1.861671
22,556,21,54,30.1,19.1,5.21532,0.45,1.835265
22,152,18,43,30.1,19.1,5.21532,0.45,0
22,107,14,41,30.1,19.1,5.21532,0.45,0
23,655,25,40,29.9,18.9,5.19048,0.45,2.335716
23,610,20,55,29.9,18.9,5.19048,0.45,2.335716
23,563,15,51,29.9,18.9,5.19048,0.45,2.007646
23,597,24,40,29.9,18.9,5.19048,0.45,2.128889
23,443,22,38,29.9,18.9,5.19048,0.45,1.579729
23,391,20,28,29.9,18.9,5.19048,0.45,1.394298
23,579,28,57,29.9,18.9,5.19048,0.45,2.064702
23,497,15,48,29.9,18.9,5.19048,0.45,1.772291
23,313,19,30,29.9,18.9,5.19048,0.45,0
23,258,19,34,29.9,18.9,5.19048,0.45,0
24,717,25,48,30.2,18.8,5.2029,0.45,2.341305
24,622,27,48,30.2,18.8,5.2029,0.45,2.341305
24,403,19,32,30.2,18.8,5.2029,0.45,1.315964
24,376,15,39,30.2,18.8,5.2029,0.45,1.227797
24,570,17,52,30.2,18.8,5.2029,0.45,1.861288
24,443,17,27,30.2,18.8,5.2029,0.45,1.44658
24,518,16,46,30.2,18.8,5.2029,0.45,1.691487
24,502,18,42,30.2,18.8,5.2029,0.45,1.63924
24,329,22,30,30.2,18.8,5.2029,0.45,0
24,328,18,49,30.2,18.8,5.2029,0.45,0
25,707,28,27,29.9,19.1,5.2029,0.45,2.341305
25,679,24,47,29.9,19.1,5.2029,0.45,2.341305
25,542,15,57,29.9,19.1,5.2029,0.45,1.79489
25,543,15,58,29.9,19.1,5.2029,0.45,1.798202
25,469,25,50,29.9,19.1,5.2029,0.45,1.553143
25,451,14,38,29.9,19.1,5.2029,0.45,1.493534
25,381,24,33,29.9,19.1,5.2029,0.45,1.261722
25,541,27,47,29.9,19.1,5.2029,0.45,1.791579
25,104,28,36,29.9,19.1,5.2029,0.45,0
25,173,27,35,29.9,19.1,5.2029,0.45,0
26,676,24,25,30.6,18.7,5.22153,0.45,2.3496885
26,618,14,47,30.6,18.7,5.22153,0.45,2.3496885
26,517,25,38,30.6,18.7,5.22153,0.45,1.797025
26,554,17,37,30.6,18.7,5.22153,0.45,1.925632
26,510,19,31,30.6,18.7,5.22153,0.45,1.772694
26,579,21,57,30.6,18.7,5.22153,0.45,2.012529
26,436,19,31,30.6,18.7,5.22153,0.45,1.51548
26,520,14,30,30.6,18.7,5.22153,0.45,1.807453
26,341,20,42,30.6,18.7,5.22153,0.45,0
26,115,14,40,30.6,18.7,5.22153,0.45,0
27,670,15,47,30.5,19,5.23395,0.45,2.3552775
27,635,28,42,30.5,19,5.23395,0.45,2.3552775
27,522,23,50,30.5,19,5.23395,0.45,1.835007
27,556,18,55,30.5,19,5.23395,0.45,1.954529
27,408,23,25,30.5,19,5.23395,0.45,1.434259
27,478,27,26,30.5,19,5.23395,0.45,1.680332
27,441,14,57,30.5,19,5.23395,0.45,1.550265
27,575,18,41,30.5,19,5.23395,0.45,2.02132
27,150,25,42,30.5,19,5.23395,0.45,0
27,348,18,29,30.5,19,5.23395,0.45,0
28,669,24,49,30.5,18.9,5.22774,0.45,2.352483
28,602,27,45,30.5,18.9,5.22774,0.45,2.352483
28,476,28,43,30.5,18.9,5.22774,0.45,1.673815
28,495,17,25,30.5,18.9,5.22774,0.45,1.740626
28,569,19,42,30.5,18.9,5.22774,0.45,2.000841
28,469,14,33,30.5,18.9,5.22774,0.45,1.6492
28,453,20,25,30.5,18.9,5.22774,0.45,1.592937
28,564,21,50,30.5,18.9,5.22774,0.45,1.983259
28,259,24,45,30.5,18.9,5.22774,0.45,0
28,355,17,25,30.5,18.9,5.22774,0.45,0
29,652,19,27,30,19.4,5.22774,0.45,2.352483
29,603,27,53,30,19.4,5.22774,0.45,2.352483
29,596,27,54,30,19.4,5.22774,0.45,2.150429
29,444,19,30,30,19.4,5.22774,0.45,1.601998
29,600,18,45,30,19.4,5.22774,0.45,2.164862
29,438,20,30,30,19.4,5.22774,0.45,1.580349
29,577,17,58,30,19.4,5.22774,0.45,2.081875
29,598,27,38,30,19.4,5.22774,0.45,2.157645
29,298,27,33,30,19.4,5.22774,0.45,0
29,292,16,30,30,19.4,5.22774,0.45,0
30,686,16,35,30.2,19.5,5.24637,0.45,2.3608665
30,647,17,47,30.2,19.5,5.24637,0.45,2.3608665
30,497,27,40,30.2,19.5,5.24637,0.45,1.710424
30,503,26,28,30.2,19.5,5.24637,0.45,1.731073
30,376,28,45,30.2,19.5,5.24637,0.45,1.294003
30,437,17,30,30.2,19.5,5.24637,0.45,1.503934
30,374,24,38,30.2,19.5,5.24637,0.45,1.28712
30,471,20,35,30.2,19.5,5.24637,0.45,1.620945
30,209,16,42,30.2,19.5,5.24637,0.45,0
30,163,18,30,30.2,19.5,5.24637,0.45,0
31,674,25,34,27.9,14.9,4.81788,0.75,3.61341
31,659,24,42,27.9,14.9,4.81788,0.75,3.61341
31,410,22,38,27.9,14.9,4.81788,0.75,2.198068
31,588,22,53,27.9,14.9,4.81788,0.75,3.152352
31,446,18,44,27.9,14.9,4.81788,0.75,2.39107
31,455,16,35,27.9,14.9,4.81788,0.75,2.43932
31,566,24,51,27.9,14.9,4.81788,0.75,3.034407
31,544,17,45,27.9,14.9,4.81788,0.75,2.916461
31,236,26,45,27.9,14.9,4.81788,0.75,0
31,266,18,52,27.9,14.9,4.81788,0.75,0
32,714,16,43,28.5,15,4.86135,0.75,3.6460125
32,625,20,58,28.5,15,4.86135,0.75,3.6460125
32,579,15,37,28.5,15,4.86135,0.75,2.95664
32,431,21,58,28.5,15,4.86135,0.75,2.200884
32,560,20,55,28.5,15,4.86135,0.75,2.859618
32,569,22,45,28.5,15,4.86135,0.75,2.905576
32,439,17,44,28.5,15,4.86135,0.75,2.241736
32,480,28,55,28.5,15,4.86135,0.75,2.451101
32,150,15,33,28.5,15,4.86135,0.75,0
32,339,14,35,28.5,15,4.86135,0.75,0
33,705,24,53,28.1,15.3,4.85514,0.75,3.641355
33,677,27,41,28.1,15.3,4.85514,0.75,3.641355
33,405,15,37,28.1,15.3,4.85514,0.75,2.091842
33,428,21,28,28.1,15.3,4.85514,0.75,2.210638
33,376,15,32,28.1,15.3,4.85514,0.75,1.942056
33,516,14,34,28.1,15.3,4.85514,0.75,2.665162
33,459,24,31,28.1,15.3,4.85514,0.75,2.370755
33,472,23,48,28.1,15.3,4.85514,0.75,2.4379
33,232,26,33,28.1,15.3,4.85514,0.75,0
33,290,17,46,28.1,15.3,4.85514,0.75,0
34,653,24,28,28.9,14.9,4.87998,0.75,3.659985
34,653,18,27,28.9,14.9,4.87998,0.75,3.659985
34,540,14,26,28.9,14.9,4.87998,0.75,3.026634
34,588,14,41,28.9,14.9,4.87998,0.75,3.295668
34,436,25,35,28.9,14.9,4.87998,0.75,2.443727
34,497,19,31,28.9,14.9,4.87998,0.75,2.785624
34,414,23,58,28.9,14.9,4.87998,0.75,2.320419
34,486,22,29,28.9,14.9,4.87998,0.75,2.72397
34,300,26,35,28.9,14.9,4.87998,0.75,0
34,136,18,41,28.9,14.9,4.87998,0.75,0
35,664,23,58,28.2,15.5,4.87377,0.75,3.6553275
35,663,26,53,28.2,15.5,4.87377,0.75,3.6553275
35,415,25,45,28.2,15.5,4.87377,0.75,2.28458
35,461,14,45,28.2,15.5,4.87377,0.75,2.53781
35,390,26,46,28.2,15.5,4.87377,0.75,2.146954
35,452,23,25,28.2,15.5,4.87377,0.75,2.488265
35,509,23,31,28.2,15.5,4.87377,0.75,2.802051
35,580,24,38,28.2,15.5,4.87377,0.75,3.192907
35,298,24,47,28.2,15.5,4.87377,0.75,0
35,228,15,33,28.2,15.5,4.87377,0.75,0
36,661,18,56,27.8,14.8,4.80546,0.75,3.604095
36,610,24,57,27.8,14.8,4.80546,0.75,3.604095
36,568,14,53,27.8,14.8,4.80546,0.75,3.097014
36,477,15,57,27.8,14.8,4.80546,0.75,2.600837
36,529,14,29,27.8,14.8,4.80546,0.75,2.884366
36,437,14,50,27.8,14.8,4.80546,0.75,2.382738
36,553,23,39,27.8,14.8,4.80546,0.75,3.015226
36,454,22,43,27.8,14.8,4.80546,0.75,2.47543
36,176,22,25,27.8,14.8,4.80546,0.75,0
36,273,26,27,27.8,14.8,4.80546,0.75,0
37,713,15,33,28,15,4.8303,0.75,3.622725
37,631,23,39,28,15,4.8303,0.75,3.622725
37,497,15,56,28,15,4.8303,0.75,2.525237
37,589,25,27,28,15,4.8303,0.75,2.992686
37,584,25,33,28,15,4.8303,0.75,2.967281
37,418,23,28,28,15,4.8303,0.75,2.123842
37,539,22,53,28,15,4.8303,0.75,2.738638
37,589,15,50,28,15,4.8303,0.75,2.992686
37,335,16,26,28,15,4.8303,0.75,0
37,123,21,44,28,15,4.8303,0.75,0
38,698,22,29,27.4,14.6,4.7682,0.75,3.57615
38,615,22,35,27.4,14.6,4.7682,0.75,3.57615
38,425,24,46,27.4,14.6,4.7682,0.75,2.177455
38,486,22,53,27.4,14.6,4.7682,0.75,2.489984
38,424,27,43,27.4,14.6,4.7682,0.75,2.172332
38,545,22,47,27.4,14.6,4.7682,0.75,2.792266
38,568,18,46,27.4,14.6,4.7682,0.75,2.910105
38,599,26,34,27.4,14.6,4.7682,0.75,3.068931
38,337,14,41,27.4,14.6,4.7682,0.75,0
38,102,16,28,27.4,14.6,4.7682,0.75,0
39,687,17,56,28.2,15.5,4.87377,0.75,3.6553275
39,626,23,34,28.2,15.5,4.87377,0.75,3.6553275
39,442,23,53,28.2,15.5,4.87377,0.75,2.351754
39,523,23,48,28.2,15.5,4.87377,0.75,2.782731
39,409,18,51,28.2,15.5,4.87377,0.75,2.17617
39,534,28,45,28.2,15.5,4.87377,0.75,2.841259
39,586,15,48,28.2,15.5,4.87377,0.75,3.117936
39,565,24,53,28.2,15.5,4.87377,0.75,3.006201
39,157,15,52,28.2,15.5,4.87377,0.75,0
39,214,18,54,28.2,15.5,4.87377,0.75,0
40,656,26,42,27.3,14.7,4.7682,0.75,3.57615
40,647,20,51,27.3,14.7,4.7682,0.75,3.57615
40,508,25,45,27.3,14.7,4.7682,0.75,2.769336
40,527,17,42,27.3,14.7,4.7682,0.75,2.872913
40,470,14,39,27.3,14.7,4.7682,0.75,2.562181
40,457,25,43,27.3,14.7,4.7682,0.75,2.491312
40,431,22,47,27.3,14.7,4.7682,0.75,2.349574
40,570,20,25,27.3,14.7,4.7682,0.75,3.107325
40,317,18,34,27.3,14.7,4.7682,0.75,0
40,244,15,52,27.3,14.7,4.7682,0.75,0
41,657,16,39,28,15.2,4.84272,0.75,3.63204
41,642,26,47,28,15.2,4.84272,0.75,3.63204
41,487,14,40,28,15.2,4.84272,0.75,2.692243
41,520,20,50,28,15.2,4.84272,0.75,2.874674
41,552,17,28,28,15.2,4.84272,0.75,3.051577
41,383,24,50,28,15.2,4.84272,0.75,2.117308
41,489,15,37,28,15.2,4.84272,0.75,2.703299
41,379,22,51,28,15.2,4.84272,0.75,2.095195
41,162,24,40,28,15.2,4.84272,0.75,0
41,286,19,45,28,15.2,4.84272,0.75,0
42,701,19,31,27.5,14.9,4.79304,0.75,3.59478
42,663,17,32,27.5,14.9,4.79304,0.75,3.59478
42,396,17,30,27.5,14.9,4.79304,0.75,2.030717
42,390,16,57,27.5,14.9,4.79304,0.75,1.999949
42,499,22,48,27.5,14.9,4.79304,0.75,2.558909
42,539,19,26,27.5,14.9,4.79304,0.75,2.764032
42,444,26,27,27.5,14.9,4.79304,0.75,2.276865
42,518,22,31,27.5,14.9,4.79304,0.75,2.656342
42,305,28,31,27.5,14.9,4.79304,0.75,0
42,331,19,34,27.5,14.9,4.79304,0.75,0
43,714,17,52,28.1,15.3,4.85514,0.75,3.641355
43,608,24,35,28.1,15.3,4.85514,0.75,3.641355
43,498,23,42,28.1,15.3,4.85514,0.75,2.539769
43,596,21,41,28.1,15.3,4.85514,0.75,3.039562
43,475,15,39,28.1,15.3,4.85514,0.75,2.42247
43,525,15,38,28.1,15.3,4.85514,0.75,2.677467
43,379,16,46,28.1,15.3,4.85514,0.75,1.932876
43,475,26,56,28.1,15.3,4.85514,0.75,2.42247
43,172,15,53,28.1,15.3,4.85514,0.75,0
43,138,24,31,28.1,15.3,4.85514,0.75,0
44,693,21,32,27.9,15,4.82409,0.75,3.6180675
44,685,18,33,27.9,15,4.82409,0.75,3.6180675
44,448,23,51,27.9,15,4.82409,0.75,2.338953
44,429,22,27,27.9,15,4.82409,0.75,2.239756
44,406,17,55,27.9,15,4.82409,0.75,2.119676
44,508,20,46,27.9,15,4.82409,0.75,2.652205
44,551,18,42,27.9,15,4.82409,0.75,2.876703
44,372,28,58,27.9,15,4.82409,0.75,1.942166
44,339,20,58,27.9,15,4.82409,0.75,0
44,200,24,46,27.9,15,4.82409,0.75,0
45,717,21,41,28,15.1,4.83651,0.75,3.6273825
45,613,28,45,28,15.1,4.83651,0.75,3.6273825
45,438,27,45,28,15.1,4.83651,0.75,2.215891
45,464,28,35,28,15.1,4.83651,0.75,2.347427
45,520,20,39,28,15.1,4.83651,0.75,2.630738
45,578,18,51,28,15.1,4.83651,0.75,2.924166
45,471,19,25,28,15.1,4.83651,0.75,2.382841
45,469,14,37,28,15.1,4.83651,0.75,2.372723
45,279,16,48,28,15.1,4.83651,0.75,0
45,329,15,53,28,15.1,4.83651,0.75,0
46,659,20,26,28.3,15.1,4.85514,0.75,3.641355
46,646,23,44,28.3,15.1,4.85514,0.75,3.641355
46,553,22,42,28.3,15.1,4.85514,0.75,3.055644
46,435,18,50,28.3,15.1,4.85514,0.75,2.403626
46,575,28,50,28.3,15.1,4.85514,0.75,3.177207
46,457,24,31,28.3,15.1,4.85514,0.75,2.525189
46,449,26,56,28.3,15.1,4.85514,0.75,2.480984
46,405,19,32,28.3,15.1,4.85514,0.75,2.237859
46,248,15,36,28.3,15.1,4.85514,0.75,0
46,268,14,55,28.3,15.1,4.85514,0.75,0
47,669,21,45,28.1,14.9,4.8303,0.75,3.622725
47,645,14,46,28.1,14.9,4.8303,0.75,3.622725
47,380,23,33,28.1,14.9,4.8303,0.75,2.057751
47,502,23,55,28.1,14.9,4.8303,0.75,2.718398
47,454,21,30,28.1,14.9,4.8303,0.75,2.458471
47,585,17,52,28.1,14.9,4.8303,0.75,3.167854
47,409,26,38,28.1,14.9,4.8303,0.75,2.21479
47,589,27,40,28.1,14.9,4.8303,0.75,3.189514
47,294,20,51,28.1,14.9,4.8303,0.75,0
47,140,21,52,28.1,14.9,4.8303,0.75,0
48,716,20,30,28.1,15.3,4.85514,0.75,3.641355
48,686,23,58,28.1,15.3,4.85514,0.75,3.641355
48,487,27,27,28.1,15.3,4.85514,0.75,2.476732
48,466,22,50,28.1,15.3,4.85514,0.75,2.369932
48,417,17,33,28.1,15.3,4.85514,0.75,2.120733
48,381,21,55,28.1,15.3,4.85514,0.75,1.937648
48,415,27,29,28.1,15.3,4.85514,0.75,2.110562
48,458,21,57,28.1,15.3,4.85514,0.75,2.329247
48,182,20,43,28.1,15.3,4.85514,0.75,0
48,316,19,26,28.1,15.3,4.85514,0.75,0
49,718,14,52,27.9,15,4.82409,0.75,3.6180675
49,611,28,40,27.9,15,4.82409,0.75,3.6180675
49,508,20,32,27.9,15,4.82409,0.75,2.559858
49,431,14,52,27.9,15,4.82409,0.75,2.171848
49,447,26,48,27.9,15,4.82409,0.75,2.252474
49,379,15,29,27.9,15,4.82409,0.75,1.909816
49,443,19,52,27.9,15,4.82409,0.75,2.232317
49,492,25,47,27.9,15,4.82409,0.75,2.479233
49,240,20,52,27.9,15,4.82409,0.75,0
49,305,23,46,27.9,15,4.82409,0.75,0
50,659,20,42,28.6,15.4,4.8924,0.75,3.6693
50,600,25,53,28.6,15.4,4.8924,0.75,3.6693
50,515,21,55,28.6,15.4,4.8924,0.75,2.867511
50,426,26,29,28.6,15.4,4.8924,0.75,2.37196
50,578,20,43,28.6,15.4,4.8924,0.75,3.218293
50,589,26,46,28.6,15.4,4.8924,0.75,3.279541
50,588,22,43,28.6,15.4,4.8924,0.75,3.273973
50,548,20,53,28.6,15.4,4.8924,0.75,3.051254
50,197,26,49,28.6,15.4,4.8924,0.75,0
50,194,20,41,28.6,15.4,4.8924,0.75,0
51,685,27,46,28.1,14.8,4.82409,0.75,3.6180675
51,613,19,51,28.1,14.8,4.82409,0.75,3.6180675
51,460,26,29,28.1,14.8,4.82409,0.75,2.429651
51,385,23,46,28.1,14.8,4.82409,0.75,2.033512
51,549,16,45,28.1,14.8,4.82409,0.75,2.899736
51,558,15,56,28.1,14.8,4.82409,0.75,2.947273
51,471,23,41,28.1,14.8,4.82409,0.75,2.487752
51,513,25,44,28.1,14.8,4.82409,0.75,2.709589
51,337,27,28,28.1,14.8,4.82409,0.75,0
51,133,23,45,28.1,14.8,4.82409,0.75,0
52,717,26,36,28.9,15.6,4.92345,0.75,3.6925875
52,694,27,34,28.9,15.6,4.92345,0.75,3.6925875
52,373,15,36,28.9,15.6,4.92345,0.75,1.92097
52,388,14,38,28.9,15.6,4.92345,0.75,1.99822
52,558,21,34,28.9,15.6,4.92345,0.75,2.873729
52,428,21,58,28.9,15.6,4.92345,0.75,2.204222
52,409,15,47,28.9,15.6,4.92345,0.75,2.106371
52,461,15,31,28.9,15.6,4.92345,0.75,2.374174
52,134,18,32,28.9,15.6,4.92345,0.75,0
52,138,22,34,28.9,15.6,4.92345,0.75,0
53,679,26,33,28.3,15.2,4.86135,0.75,3.6460125
53,662,17,45,28.3,15.2,4.86135,0.75,3.6460125
53,595,23,27,28.3,15.2,4.86135,0.75,3.194959
53,453,17,33,28.3,15.2,4.86135,0.75,2.432465
53,519,25,27,28.3,15.2,4.86135,0.75,2.786864
53,443,17,31,28.3,15.2,4.86135,0.75,2.378768
53,389,21,52,28.3,15.2,4.86135,0.75,2.088805
53,390,28,31,28.3,15.2,4.86135,0.75,2.094175
53,185,19,48,28.3,15.2,4.86135,0.75,0
53,200,24,31,28.3,15.2,4.86135,0.75,0
54,711,19,33,28.7,15.2,4.88619,0.75,3.6646425
54,619,21,56,28.7,15.2,4.88619,0.75,3.6646425
54,564,28,39,28.7,15.2,4.88619,0.75,2.906974
54,421,28,45,28.7,15.2,4.88619,0.75,2.169922
54,587,21,45,28.7,15.2,4.88619,0.75,3.025521
54,419,15,45,28.7,15.2,4.88619,0.75,2.159614
54,551,23,52,28.7,15.2,4.88619,0.75,2.839969
54,445,27,52,28.7,15.2,4.88619,0.75,2.293623
54,245,28,58,28.7,15.2,4.88619,0.75,0
54,358,24,58,28.7,15.2,4.88619,0.75,0
55,693,27,44,27.9,15.3,4.84272,0.75,3.63204
55,660,21,47,27.9,15.3,4.84272,0.75,3.63204
55,592,26,45,27.9,15.3,4.84272,0.75,3.102695
55,440,16,52,27.9,15.3,4.84272,0.75,2.306057
55,541,28,45,27.9,15.3,4.84272,0.75,2.835402
55,480,16,28,27.9,15.3,4.84272,0.75,2.515699
55,481,20,50,27.9,15.3,4.84272,0.75,2.52094
55,391,19,33,27.9,15.3,4.84272,0.75,2.049246
55,310,21,38,27.9,15.3,4.84272,0.75,0
55,357,19,48,27.9,15.3,4.84272,0.75,0
56,666,28,42,28.4,15,4.85514,0.75,3.641355
56,639,25,39,28.4,15,4.85514,0.75,3.641355
56,370,16,27,28.4,15,4.85514,0.75,2.022975
56,505,24,56,28.4,15,4.85514,0.75,2.761087
56,428,15,43,28.4,15,4.85514,0.75,2.34009
56,422,21,56,28.4,15,4.85514,0.75,2.307285
56,426,18,58,28.4,15,4.85514,0.75,2.329155
56,373,25,33,28.4,15,4.85514,0.75,2.039378
56,344,25,28,28.4,15,4.85514,0.75,0
56,361,17,33,28.4,15,4.85514,0.75,0
57,676,24,33,28.8,14.8,4.86756,0.75,3.65067
57,610,26,47,28.8,14.8,4.86756,0.75,3.65067
57,593,24,52,28.8,14.8,4.86756,0.75,3.202437
57,451,20,25,28.8,14.8,4.86756,0.75,2.43558
57,374,25,32,28.8,14.8,4.86756,0.75,2.019749
57,424,22,38,28.8,14.8,4.86756,0.75,2.289769
57,392,24,26,28.8,14.8,4.86756,0.75,2.116957
57,387,21,27,28.8,14.8,4.86756,0.75,2.089955
57,216,14,55,28.8,14.8,4.86756,0.75,0
57,102,14,28,28.8,14.8,4.86756,0.75,0
58,674,26,36,28.6,14.9,4.86135,0.75,3.6460125
58,657,16,54,28.6,14.9,4.86135,0.75,3.6460125
58,577,14,30,28.6,14.9,4.86135,0.75,3.12129
58,481,22,57,28.6,14.9,4.86135,0.75,2.601976
58,482,22,26,28.6,14.9,4.86135,0.75,2.607386
58,574,16,40,28.6,14.9,4.86135,0.75,3.105061
58,553,25,38,28.6,14.9,4.86135,0.75,2.991461
58,565,16,45,28.6,14.9,4.86135,0.75,3.056375
58,110,24,55,28.6,14.9,4.86135,0.75,0
58,230,16,25,28.6,14.9,4.86135,0.75,0
59,661,24,50,27.8,14.7,4.79925,0.75,3.5994375
59,619,15,34,27.8,14.7,4.79925,0.75,3.5994375
59,524,24,57,27.8,14.7,4.79925,0.75,2.853412
59,570,27,57,27.8,14.7,4.79925,0.75,3.103902
59,561,20,25,27.8,14.7,4.79925,0.75,3.054893
59,453,26,25,27.8,14.7,4.79925,0.75,2.466785
59,572,23,28,27.8,14.7,4.79925,0.75,3.114793
59,590,25,58,27.8,14.7,4.79925,0.75,3.212811
59,164,17,55,27.8,14.7,4.79925,0.75,0
59,198,21,47,27.8,14.7,4.79925,0.75,0
60,650,27,34,28.1,14.8,4.82409,0.75,3.6180675
60,608,28,40,28.1,14.8,4.82409,0.75,3.6180675
60,393,23,50,28.1,14.8,4.82409,0.75,2.187539
60,459,17,27,28.1,14.8,4.82409,0.75,2.554912
60,394,27,41,28.1,14.8,4.82409,0.75,2.193106
60,378,14,42,28.1,14.8,4.82409,0.75,2.104045
60,389,17,29,28.1,14.8,4.82409,0.75,2.165274
60,422,21,52,28.1,14.8,4.82409,0.75,2.348961
60,180,24,35,28.1,14.8,4.82409,0.75,0
60,332,18,48,28.1,14.8,4.82409,0.75,0
61,713,26,57,25.9,13.4,4.60053,0.75,3.4503975
61,626,20,51,25.9,13.4,4.60053,0.75,3.4503975
61,494,22,34,25.9,13.4,4.60053,0.75,2.390598
61,467,17,36,25.9,13.4,4.60053,0.75,2.259938
61,382,26,57,25.9,13.4,4.60053,0.75,1.8486
61,551,17,31,25.9,13.4,4.60053,0.75,2.666436
61,378,19,33,25.9,13.4,4.60053,0.75,1.829243
61,431,25,52,25.9,13.4,4.60053,0.75,2.085724
61,249,20,53,25.9,13.4,4.60053,0.75,0
61,149,14,43,25.9,13.4,4.60053,0.75,0
62,713,19,47,26,12.5,4.55085,0.75,3.4131375
62,713,25,58,26,12.5,4.55085,0.75,3.4131375
62,503,15,48,26,12.5,4.55085,0.75,2.407866
62,539,23,33,26,12.5,4.55085,0.75,2.580198
62,494,21,39,26,12.5,4.55085,0.75,2.364783
62,372,14,52,26,12.5,4.55085,0.75,1.780767
62,496,22,30,26,12.5,4.55085,0.75,2.374357
62,528,22,29,26,12.5,4.55085,0.75,2.527541
62,246,16,36,26,12.5,4.55085,0.75,0
62,180,14,58,26,12.5,4.55085,0.75,0
63,675,26,38,26.1,10.1,4.40802,0.75,3.306015
63,611,16,41,26.1,10.1,4.40802,0.75,3.306015
63,519,20,49,26.1,10.1,4.40802,0.75,2.541958
63,518,24,39,26.1,10.1,4.40802,0.75,2.53706
63,417,25,28,26.1,10.1,4.40802,0.75,2.042383
63,462,28,35,26.1,10.1,4.40802,0.75,2.262784
63,521,17,53,26.1,10.1,4.40802,0.75,2.551754
63,416,20,40,26.1,10.1,4.40802,0.75,2.037485
63,133,22,43,26.1,10.1,4.40802,0.75,0
63,217,19,55,26.1,10.1,4.40802,0.75,0
64,691,20,30,25.9,10.5,4.42044,0.75,3.31533
64,606,18,42,25.9,10.5,4.42044,0.75,3.31533
64,532,16,43,25.9,10.5,4.42044,0.75,2.552468
64,578,27,40,25.9,10.5,4.42044,0.75,2.77317
64,522,20,42,25.9,10.5,4.42044,0.75,2.50449
64,545,22,50,25.9,10.5,4.42044,0.75,2.614841
64,485,16,26,25.9,10.5,4.42044,0.75,2.326968
64,480,24,33,25.9,10.5,4.42044,0.75,2.302979
64,360,17,32,25.9,10.5,4.42044,0.75,0
64,322,14,58,25.9,10.5,4.42044,0.75,0
65,718,15,54,26.5,9.9,4.42044,0.75,3.31533
65,625,14,55,26.5,9.9,4.42044,0.75,3.31533
65,591,21,31,26.5,9.9,4.42044,0.75,2.728914
65,380,16,42,26.5,9.9,4.42044,0.75,1.754631
65,462,15,46,26.5,9.9,4.42044,0.75,2.133262
65,520,18,30,26.5,9.9,4.42044,0.75,2.401075
65,546,17,55,26.5,9.9,4.42044,0.75,2.521128
65,460,14,36,26.5,9.9,4.42044,0.75,2.124028
65,109,19,47,26.5,9.9,4.42044,0.75,0
65,299,15,39,26.5,9.9,4.42044,0.75,0
66,704,24,30,27,10.9,4.51359,0.75,3.3851925
66,675,21,38,27,10.9,4.51359,0.75,3.3851925
66,497,19,39,27,10.9,4.51359,0.75,2.389831
66,399,17,42,27,10.9,4.51359,0.75,1.918596
66,550,18,39,27,10.9,4.51359,0.75,2.644682
66,597,27,31,27,10.9,4.51359,0.75,2.870682
66,471,23,52,27,10.9,4.51359,0.75,2.264809
66,430,14,54,27,10.9,4.51359,0.75,2.06766
66,178,18,55,27,10.9,4.51359,0.75,0
66,180,18,55,27,10.9,4.51359,0.75,0
67,668,20,44,25.9,9.9,4.38318,0.75,3.287385
67,604,27,55,25.9,9.9,4.38318,0.75,3.287385
67,449,24,54,25.9,9.9,4.38318,0.75,2.209635
67,490,24,37,25.9,9.9,4.38318,0.75,2.411405
67,446,15,51,25.9,9.9,4.38318,0.75,2.194871
67,482,26,41,25.9,9.9,4.38318,0.75,2.372035
67,497,15,44,25.9,9.9,4.38318,0.75,2.445854
67,456,25,47,25.9,9.9,4.38318,0.75,2.244083
67,237,19,39,25.9,9.9,4.38318,0.75,0
67,177,17,37,25.9,9.9,4.38318,0.75,0
68,708,23,40,25.4,11,4.42044,0.75,3.31533
68,678,23,46,25.4,11,4.42044,0.75,3.31533
68,429,21,30,25.4,11,4.42044,0.75,2.008865
68,573,15,49,25.4,11,4.42044,0.75,2.68317
68,398,20,34,25.4,11,4.42044,0.75,1.863702
68,549,24,50,25.4,11,4.42044,0.75,2.570786
68,585,20,35,25.4,11,4.42044,0.75,2.739362
68,410,23,54,25.4,11,4.42044,0.75,1.919894
68,284,15,27,25.4,11,4.42044,0.75,0
68,323,17,40,25.4,11,4.42044,0.75,0
69,682,14,52,26.1,9.9,4.3956,0.75,3.2967
69,600,26,38,26.1,9.9,4.3956,0.75,3.2967
69,465,22,58,26.1,9.9,4.3956,0.75,2.24775
69,406,17,39,26.1,9.9,4.3956,0.75,1.962552
69,542,23,27,26.1,9.9,4.3956,0.75,2.619958
69,547,15,30,26.1,9.9,4.3956,0.75,2.644127
69,425,17,40,26.1,9.9,4.3956,0.75,2.054395
69,420,27,34,26.1,9.9,4.3956,0.75,2.030226
69,147,22,26,26.1,9.9,4.3956,0.75,0
69,139,23,41,26.1,9.9,4.3956,0.75,0
70,720,23,58,26.3,10.5,4.44528,0.75,3.33396
70,658,19,57,26.3,10.5,4.44528,0.75,3.33396
70,388,25,30,26.3,10.5,4.44528,0.75,1.796634
70,372,19,46,26.3,10.5,4.44528,0.75,1.722546
70,386,17,30,26.3,10.5,4.44528,0.75,1.787373
70,579,15,58,26.3,10.5,4.44528,0.75,2.681059
70,443,25,45,26.3,10.5,4.44528,0.75,2.051312
70,413,24,26,26.3,10.5,4.44528,0.75,1.912396
70,242,26,32,26.3,10.5,4.44528,0.75,0
70,180,15,40,26.3,10.5,4.44528,0.75,0
71,695,16,50,26,11.1,4.46391,1.05,4.6871055
71,689,19,34,26,11.1,4.46391,1.05,4.6871055
71,390,14,40,26,11.1,4.46391,1.05,2.630174
71,600,27,53,26,11.1,4.46391,1.05,4.046422
71,404,19,27,26,11.1,4.46391,1.05,2.724591
71,411,16,32,26,11.1,4.46391,1.05,2.771799
71,559,23,27,26,11.1,4.46391,1.05,3.769917
71,442,28,35,26,11.1,4.46391,1.05,2.980864
71,361,21,54,26,11.1,4.46391,1.05,0
71,206,24,48,26,11.1,4.46391,1.05,0
72,720,16,25,25.7,10.4,4.40181,1.05,4.6219005
72,671,15,54,25.7,10.4,4.40181,1.05,4.6219005
72,580,15,34,25.7,10.4,4.40181,1.05,3.723198
72,422,14,28,25.7,10.4,4.40181,1.05,2.708947
72,384,18,43,25.7,10.4,4.40181,1.05,2.465014
72,534,20,45,25.7,10.4,4.40181,1.05,3.42791
72,564,21,57,25.7,10.4,4.40181,1.05,3.620489
72,541,18,30,25.7,10.4,4.40181,1.05,3.472845
72,264,19,44,25.7,10.4,4.40181,1.05,0
72,132,18,41,25.7,10.4,4.40181,1.05,0
73,672,25,26,26.4,9.9,4.41423,1.05,4.6349415
73,615,26,30,26.4,9.9,4.41423,1.05,4.6349415
73,409,18,36,26.4,9.9,4.41423,1.05,2.820969
73,551,17,47,26.4,9.9,4.41423,1.05,3.800376
73,428,18,29,26.4,9.9,4.41423,1.05,2.952016
73,542,28,52,26.4,9.9,4.41423,1.05,3.738301
73,560,24,53,26.4,9.9,4.41423,1.05,3.862451
73,414,26,57,26.4,9.9,4.41423,1.05,2.855455
73,199,25,35,26.4,9.9,4.41423,1.05,0
73,130,25,56,26.4,9.9,4.41423,1.05,0
74,701,18,28,25.9,10.1,4.3956,1.05,4.61538
74,684,28,49,25.9,10.1,4.3956,1.05,4.61538
74,598,25,25,25.9,10.1,4.3956,1.05,3.937229
74,536,28,30,25.9,10.1,4.3956,1.05,3.529021
74,523,18,54,25.9,10.1,4.3956,1.05,3.443429
74,496,22,34,25.9,10.1,4.3956,1.05,3.265661
74,593,18,46,25.9,10.1,4.3956,1.05,3.904309
74,490,21,40,25.9,10.1,4.3956,1.05,3.226157
74,197,15,33,25.9,10.1,4.3956,1.05,0
74,158,21,33,25.9,10.1,4.3956,1.05,0
75,666,19,48,26,10,4.3956,1.05,4.61538
75,643,27,26,26,10,4.3956,1.05,4.61538
75,430,25,35,26,10,4.3956,1.05,2.9799
75,437,20,56,26,10,4.3956,1.05,3.02841
75,443,14,30,26,10,4.3956,1.05,3.06999
75,542,14,35,26,10,4.3956,1.05,3.75606
75,402,15,53,26,10,4.3956,1.05,2.78586
75,530,15,52,26,10,4.3956,1.05,3.6729
75,335,22,41,26,10,4.3956,1.05,0
75,249,27,36,26,10,4.3956,1.05,0
76,668,24,42,26.1,9.9,4.3956,1.05,4.61538
76,649,28,33,26.1,9.9,4.3956,1.05,4.61538
76,588,28,31,26.1,9.9,4.3956,1.05,4.06264
76,378,17,33,26.1,9.9,4.3956,1.05,2.611697
76,414,16,35,26.1,9.9,4.3956,1.05,2.86043
76,390,28,25,26.1,9.9,4.3956,1.05,2.694608
76,506,22,34,26.1,9.9,4.3956,1.05,3.496081
76,553,19,57,26.1,9.9,4.3956,1.05,3.820816
76,178,19,26,26.1,9.9,4.3956,1.05,0
76,138,21,55,26.1,9.9,4.3956,1.05,0
77,652,23,56,26,9.8,4.38318,1.05,4.602339
77,604,21,34,26,9.8,4.38318,1.05,4.602339
77,462,20,58,26,9.8,4.38318,1.05,3.261167
77,583,22,54,26,9.8,4.38318,1.05,4.115282
77,415,25,55,26,9.8,4.38318,1.05,2.929403
77,436,24,45,26,9.8,4.38318,1.05,3.077638
77,400,19,49,26,9.8,4.38318,1.05,2.823521
77,497,24,47,26,9.8,4.38318,1.05,3.508225
77,185,17,53,26,9.8,4.38318,1.05,0
77,211,23,32,26,9.8,4.38318,1.05,0
78,690,23,31,26.3,9.6,4.38939,1.05,4.6088595
78,650,23,52,26.3,9.6,4.38939,1.05,4.6088595
78,426,28,37,26.3,9.6,4.38939,1.05,2.84547
78,587,23,55,26.3,9.6,4.38939,1.05,3.92087
78,475,17,51,26.3,9.6,4.38939,1.05,3.172766
78,461,20,55,26.3,9.6,4.38939,1.05,3.079253
78,394,16,45,26.3,9.6,4.38939,1.05,2.631726
78,489,27,50,26.3,9.6,4.38939,1.05,3.266279
78,100,17,40,26.3,9.6,4.38939,1.05,0
78,344,19,36,26.3,9.6,4.38939,1.05,0
79,658,21,58,25.7,10.1,4.38318,1.05,4.602339
79,628,23,26,25.7,10.1,4.38318,1.05,4.602339
79,594,24,53,25.7,10.1,4.38318,1.05,4.154695
79,465,14,38,25.7,10.1,4.38318,1.05,3.252413
79,511,25,46,25.7,10.1,4.38318,1.05,3.574157
79,436,16,45,25.7,10.1,4.38318,1.05,3.049574
79,378,17,39,25.7,10.1,4.38318,1.05,2.643897
79,542,19,54,25.7,10.1,4.38318,1.05,3.790984
79,182,23,53,25.7,10.1,4.38318,1.05,0
79,247,15,36,25.7,10.1,4.38318,1.05,0
80,665,26,56,26.5,9.2,4.37697,1.05,4.5958185
80,632,20,49,26.5,9.2,4.37697,1.05,4.5958185
80,494,20,26,26.5,9.2,4.37697,1.05,3.414037
80,389,21,29,26.5,9.2,4.37697,1.05,2.688381
80,498,21,45,26.5,9.2,4.37697,1.05,3.441681
80,429,22,45,26.5,9.2,4.37697,1.05,2.964821
80,570,20,25,26.5,9.2,4.37697,1.05,3.939273
80,377,14,42,26.5,9.2,4.37697,1.05,2.605449
80,204,19,28,26.5,9.2,4.37697,1.05,0
80,252,25,32,26.5,9.2,4.37697,1.05,0
81,697,20,58,26.1,10.2,4.41423,1.05,4.6349415
81,605,18,34,26.1,10.2,4.41423,1.05,4.6349415
81,463,28,50,26.1,10.2,4.41423,1.05,3.078878
81,484,18,29,26.1,10.2,4.41423,1.05,3.218525
81,440,15,43,26.1,10.2,4.41423,1.05,2.925932
81,488,28,41,26.1,10.2,4.41423,1.05,3.245124
81,447,22,31,26.1,10.2,4.41423,1.05,2.97248
81,374,22,45,26.1,10.2,4.41423,1.05,2.487042
81,121,18,58,26.1,10.2,4.41423,1.05,0
81,162,21,46,26.1,10.2,4.41423,1.05,0
82,695,15,49,26.8,9,4.38318,1.05,4.602339
82,666,20,32,26.8,9,4.38318,1.05,4.602339
82,441,28,27,26.8,9,4.38318,1.05,2.920333
82,558,21,50,26.8,9,4.38318,1.05,3.695115
82,577,26,46,26.8,9,4.38318,1.05,3.820935
82,514,22,53,26.8,9,4.38318,1.05,3.403744
82,567,21,41,26.8,9,4.38318,1.05,3.754714
82,446,18,42,26.8,9,4.38318,1.05,2.953443
82,285,24,44,26.8,9,4.38318,1.05,0
82,230,24,32,26.8,9,4.38318,1.05,0
83,659,24,47,26.5,10.4,4.45149,1.05,4.6740645
83,640,17,47,26.5,10.4,4.45149,1.05,4.6740645
83,496,26,52,26.5,10.4,4.45149,1.05,3.517961
83,393,19,27,26.5,10.4,4.45149,1.05,2.787416
83,584,25,57,26.5,10.4,4.45149,1.05,4.142115
83,389,15,29,26.5,10.4,4.45149,1.05,2.759046
83,489,20,41,26.5,10.4,4.45149,1.05,3.468312
83,483,19,26,26.5,10.4,4.45149,1.05,3.425756
83,119,28,40,26.5,10.4,4.45149,1.05,0
83,282,16,27,26.5,10.4,4.45149,1.05,0
84,673,27,38,26.9,9.2,4.40181,1.05,4.6219005
84,620,18,32,26.9,9.2,4.40181,1.05,4.6219005
84,457,26,25,26.9,9.2,4.40181,1.05,3.138497
84,494,17,42,26.9,9.2,4.40181,1.05,3.392599
84,475,17,43,26.9,9.2,4.40181,1.05,3.262114
84,506,28,46,26.9,9.2,4.40181,1.05,3.47501
84,440,22,37,26.9,9.2,4.40181,1.05,3.021748
84,498,14,41,26.9,9.2,4.40181,1.05,3.420069
84,203,15,30,26.9,9.2,4.40181,1.05,0
84,342,14,40,26.9,9.2,4.40181,1.05,0
85,665,19,40,26.4,9.9,4.41423,1.05,4.6349415
85,603,23,48,26.4,9.9,4.41423,1.05,4.6349415
85,520,25,58,26.4,9.9,4.41423,1.05,3.624315
85,373,24,39,26.4,9.9,4.41423,1.05,2.599749
85,558,25,39,26.4,9.9,4.41423,1.05,3.889169
85,570,18,50,26.4,9.9,4.41423,1.05,3.972807
85,446,26,46,26.4,9.9,4.41423,1.05,3.108547
85,396,20,42,26.4,9.9,4.41423,1.05,2.760055
85,281,27,28,26.4,9.9,4.41423,1.05,0
85,158,16,33,26.4,9.9,4.41423,1.05,0
86,662,26,56,26.5,9.1,4.37076,1.05,4.589298
86,607,18,29,26.5,9.1,4.37076,1.05,4.589298
86,583,20,33,26.5,9.1,4.37076,1.05,4.041633
86,456,25,56,26.5,9.1,4.37076,1.05,3.161208
86,429,16,52,26.5,9.1,4.37076,1.05,2.974031
86,407,27,32,26.5,9.1,4.37076,1.05,2.821517
86,459,24,41,26.5,9.1,4.37076,1.05,3.182006
86,535,23,38,26.5,9.1,4.37076,1.05,3.708874
86,126,28,55,26.5,9.1,4.37076,1.05,0
86,197,28,26,26.5,9.1,4.37076,1.05,0
87,680,28,25,26,10.1,4.40181,1.05,4.6219005
87,663,18,38,26,10.1,4.40181,1.05,4.6219005
87,585,17,57,26,10.1,4.40181,1.05,3.976194
87,548,15,36,26,10.1,4.40181,1.05,3.724708
87,521,15,35,26,10.1,4.40181,1.05,3.541191
87,375,17,50,26,10.1,4.40181,1.05,2.548842
87,463,23,31,26,10.1,4.40181,1.05,3.14697
87,431,27,48,26,10.1,4.40181,1.05,2.929469
87,144,14,36,26,10.1,4.40181,1.05,0
87,179,24,48,26,10.1,4.40181,1.05,0
88,658,21,25,26.3,9.3,4.37076,1.05,4.589298
88,653,25,46,26.3,9.3,4.37076,1.05,4.589298
88,600,27,45,26.3,9.3,4.37076,1.05,4.18477
88,540,16,33,26.3,9.3,4.37076,1.05,3.766293
88,443,19,47,26.3,9.3,4.37076,1.05,3.089755
88,540,21,29,26.3,9.3,4.37076,1.05,3.766293
88,395,24,39,26.3,9.3,4.37076,1.05,2.754974
88,572,24,49,26.3,9.3,4.37076,1.05,3.989481
88,311,19,53,26.3,9.3,4.37076,1.05,0
88,164,19,36,26.3,9.3,4.37076,1.05,0
89,693,14,39,25.9,10,4.38939,1.05,4.6088595
89,610,18,39,25.9,10,4.38939,1.05,4.6088595
89,439,18,33,25.9,10,4.38939,1.05,2.919609
89,422,20,29,25.9,10,4.38939,1.05,2.806549
89,561,23,51,25.9,10,4.38939,1.05,3.730982
89,561,28,55,25.9,10,4.38939,1.05,3.730982
89,417,17,30,25.9,10,4.38939,1.05,2.773296
89,517,18,53,25.9,10,4.38939,1.05,3.438356
89,320,16,57,25.9,10,4.38939,1.05,0
89,336,23,31,25.9,10,4.38939,1.05,0
90,705,18,53,26.1,9.9,4.3956,1.05,4.61538
90,685,17,50,26.1,9.9,4.3956,1.05,4.61538
90,425,18,35,26.1,9.9,4.3956,1.05,2.782321
90,533,19,53,26.1,9.9,4.3956,1.05,3.489358
90,565,27,38,26.1,9.9,4.3956,1.05,3.698851
90,527,25,57,26.1,9.9,4.3956,1.05,3.450078
90,560,21,35,26.1,9.9,4.3956,1.05,3.666117
90,484,21,26,26.1,9.9,4.3956,1.05,3.168573
90,203,14,32,26.1,9.9,4.3956,1.05,0
90,316,27,36,26.1,9.9,4.3956,1.05,0
91,651,25,33,25.9,10.1,4.3956,1.05,4.61538
91,626,22,56,25.9,10.1,4.3956,1.05,4.61538
91,490,26,53,25.9,10.1,4.3956,1.05,3.473942
91,581,14,42,25.9,10.1,4.3956,1.05,4.119103
91,527,24,31,25.9,10.1,4.3956,1.05,3.73626
91,527,15,40,25.9,10.1,4.3956,1.05,3.73626
91,570,15,48,25.9,10.1,4.3956,1.05,4.041116
91,554,14,47,25.9,10.1,4.3956,1.05,3.927681
91,163,27,42,25.9,10.1,4.3956,1.05,0
91,188,24,25,25.9,10.1,4.3956,1.05,0
92,707,24,33,25,9,4.2714,1.05,4.48497
92,638,15,51,25,9,4.2714,1.05,4.48497
92,501,28,50,25,9,4.2714,1.05,3.178175
92,584,19,39,25,9,4.2714,1.05,3.704699
92,371,21,49,25,9,4.2714,1.05,2.353499
92,433,18,52,25,9,4.2714,1.05,2.746806
92,401,26,43,25,9,4.2714,1.05,2.543809
92,377,15,34,25,9,4.2714,1.05,2.391561
92,103,24,26,25,9,4.2714,1.05,0
92,122,16,33,25,9,4.2714,1.05,0
93,719,17,58,24.8,9.1,4.26519,1.05,4.4784495
93,646,23,39,24.8,9.1,4.26519,1.05,4.4784495
93,553,24,50,24.8,9.1,4.26519,1.05,3.444482
93,389,15,53,24.8,9.1,4.26519,1.05,2.422972
93,584,17,45,24.8,9.1,4.26519,1.05,3.637572
93,388,23,54,24.8,9.1,4.26519,1.05,2.416743
93,568,21,42,24.8,9.1,4.26519,1.05,3.537913
93,393,20,31,24.8,9.1,4.26519,1.05,2.447887
93,229,28,58,24.8,9.1,4.26519,1.05,0
93,116,27,31,24.8,9.1,4.26519,1.05,0
94,707,17,30,24.9,9.2,4.27761,1.05,4.4914905
94,697,15,37,24.9,9.2,4.27761,1.05,4.4914905
94,391,20,28,24.9,9.2,4.27761,1.05,2.483978
94,394,27,41,24.9,9.2,4.27761,1.05,2.503037
94,544,23,37,24.9,9.2,4.27761,1.05,3.45597
94,522,19,43,24.9,9.2,4.27761,1.05,3.316207
94,392,27,41,24.9,9.2,4.27761,1.05,2.490331
94,373,25,52,24.9,9.2,4.27761,1.05,2.369627
94,203,18,25,24.9,9.2,4.27761,1.05,0
94,221,15,58,24.9,9.2,4.27761,1.05,0
95,717,22,30,25,9.3,4.29003,1.05,4.5045315
95,716,17,47,25,9.3,4.29003,1.05,4.5045315
95,435,19,48,25,9.3,4.29003,1.05,2.732875
95,518,24,42,25,9.3,4.29003,1.05,3.25432
95,433,20,50,25,9.3,4.29003,1.05,2.72031
95,574,28,49,25,9.3,4.29003,1.05,3.606138
95,380,23,36,25,9.3,4.29003,1.05,2.387339
95,442,28,46,25,9.3,4.29003,1.05,2.776852
95,145,28,58,25,9.3,4.29003,1.05,0
95,252,15,58,25,9.3,4.29003,1.05,0
96,689,22,51,24.7,9.4,4.27761,1.05,4.4914905
96,642,16,53,24.7,9.4,4.27761,1.05,4.4914905
96,452,25,54,24.7,9.4,4.27761,1.05,2.946522
96,382,16,35,24.7,9.4,4.27761,1.05,2.490202
96,589,19,54,24.7,9.4,4.27761,1.05,3.839605
96,464,15,25,24.7,9.4,4.27761,1.05,3.024748
96,498,21,37,24.7,9.4,4.27761,1.05,3.246389
96,431,27,41,24.7,9.4,4.27761,1.05,2.809626
96,259,17,28,24.7,9.4,4.27761,1.05,0
96,221,24,44,24.7,9.4,4.27761,1.05,0
97,661,17,55,25.4,9.3,4.31487,1.05,4.5306135
97,622,21,40,25.4,9.3,4.31487,1.05,4.5306135
97,422,24,45,25.4,9.3,4.31487,1.05,2.892464
97,425,25,38,25.4,9.3,4.31487,1.05,2.913027
97,517,16,53,25.4,9.3,4.31487,1.05,3.543611
97,488,17,58,25.4,9.3,4.31487,1.05,3.34484
97,506,21,25,25.4,9.3,4.31487,1.05,3.468215
97,516,18,49,25.4,9.3,4.31487,1.05,3.536757
97,159,19,55,25.4,9.3,4.31487,1.05,0
97,190,15,58,25.4,9.3,4.31487,1.05,0
98,677,18,50,24.8,9,4.25898,1.05,4.471929
98,615,22,48,24.8,9,4.25898,1.05,4.471929
98,408,21,49,24.8,9,4.25898,1.05,2.695047
98,549,20,28,24.8,9,4.25898,1.05,3.626424
98,507,21,53,24.8,9,4.25898,1.05,3.348993
98,424,23,30,24.8,9,4.25898,1.05,2.800735
98,396,19,54,24.8,9,4.25898,1.05,2.615781
98,545,17,37,24.8,9,4.25898,1.05,3.600002
98,251,19,49,24.8,9,4.25898,1.05,0
98,229,23,47,24.8,9,4.25898,1.05,0
99,696,28,35,24.9,9.1,4.2714,1.05,4.48497
99,662,20,54,24.9,9.1,4.2714,1.05,4.48497
99,500,26,40,24.9,9.1,4.2714,1.05,3.221961
99,391,19,38,24.9,9.1,4.2714,1.05,2.519574
99,498,22,32,24.9,9.1,4.2714,1.05,3.209073
99,480,20,26,24.9,9.1,4.2714,1.05,3.093083
99,563,18,52,24.9,9.1,4.2714,1.05,3.627928
99,408,25,41,24.9,9.1,4.2714,1.05,2.62912
99,275,24,45,24.9,9.1,4.2714,1.05,0
99,255,20,33,24.9,9.1,4.2714,1.05,0
100,712,25,47,25.1,9.2,4.29003,1.05,4.5045315
100,650,24,51,25.1,9.2,4.29003,1.05,4.5045315
100,473,17,37,25.1,9.2,4.29003,1.05,2.992477
100,408,28,37,25.1,9.2,4.29003,1.05,2.581248
100,495,22,40,25.1,9.2,4.29003,1.05,3.131662
100,508,15,36,25.1,9.2,4.29003,1.05,3.213907
100,505,21,32,25.1,9.2,4.29003,1.05,3.194928
100,408,18,51,25.1,9.2,4.29003,1.05,2.581248
100,239,19,36,25.1,9.2,4.29003,1.05,0
100,198,20,54,25.1,9.2,4.29003,1.05,0
101,707,24,51,25,9,4.2714,1.05,4.48497
101,698,15,30,25,9,4.2714,1.05,4.48497
101,597,15,37,25,9,4.2714,1.05,3.787167
101,449,17,35,25,9,4.2714,1.05,2.848305
101,533,21,46,25,9,4.2714,1.05,3.381173
101,419,28,45,25,9,4.2714,1.05,2.657995
101,549,21,34,25,9,4.2714,1.05,3.482671
101,444,17,52,25,9,4.2714,1.05,2.816587
101,281,28,46,25,9,4.2714,1.05,0
101,328,17,32,25,9,4.2714,1.05,0
102,658,20,29,26,9.3,4.35213,1.05,4.5697365
102,642,19,32,26,9.3,4.35213,1.05,4.5697365
102,416,27,25,26,9.3,4.35213,1.05,2.889074
102,422,24,48,26,9.3,4.35213,1.05,2.930743
102,598,19,26,26,9.3,4.35213,1.05,4.153043
102,521,16,55,26,9.3,4.35213,1.05,3.618287
102,401,26,47,26,9.3,4.35213,1.05,2.7849
102,597,15,29,26,9.3,4.35213,1.05,4.146098
102,347,22,46,26,9.3,4.35213,1.05,0
102,270,16,32,26,9.3,4.35213,1.05,0
103,658,27,28,25.5,9.9,4.35834,1.05,4.576257
103,617,20,33,25.5,9.9,4.35834,1.05,4.576257
103,551,19,28,25.5,9.9,4.35834,1.05,3.832094
103,504,20,39,25.5,9.9,4.35834,1.05,3.505218
103,463,18,26,25.5,9.9,4.35834,1.05,3.220071
103,566,17,44,25.5,9.9,4.35834,1.05,3.936416
103,401,25,46,25.5,9.9,4.35834,1.05,2.788874
103,391,14,48,25.5,9.9,4.35834,1.05,2.719326
103,244,23,30,25.5,9.9,4.35834,1.05,0
103,256,21,48,25.5,9.9,4.35834,1.05,0
104,679,16,53,25.6,9.5,4.33971,1.05,4.5566955
104,653,24,33,25.6,9.5,4.33971,1.05,4.5566955
104,558,19,41,25.6,9.5,4.33971,1.05,3.744678
104,410,24,51,25.6,9.5,4.33971,1.05,2.751466
104,441,25,45,25.6,9.5,4.33971,1.05,2.959503
104,459,22,43,25.6,9.5,4.33971,1.05,3.080299
104,556,15,45,25.6,9.5,4.33971,1.05,3.731256
104,510,27,50,25.6,9.5,4.33971,1.05,3.422555
104,211,27,52,25.6,9.5,4.33971,1.05,0
104,335,16,25,25.6,9.5,4.33971,1.05,0
105,705,23,37,25.6,9.1,4.31487,1.05,4.5306135
105,631,19,47,25.6,9.1,4.31487,1.05,4.5306135
105,556,19,53,25.6,9.1,4.31487,1.05,3.57308
105,454,21,50,25.6,9.1,4.31487,1.05,2.917587
105,447,24,40,25.6,9.1,4.31487,1.05,2.872602
105,576,21,33,25.6,9.1,4.31487,1.05,3.701608
105,486,21,36,25.6,9.1,4.31487,1.05,3.123231
105,552,17,45,25.6,9.1,4.31487,1.05,3.547374
105,312,14,38,25.6,9.1,4.31487,1.05,0
105,267,26,42,25.6,9.1,4.31487,1.05,0
106,711,14,34,25.9,9.6,4.36455,1.05,4.5827775
106,625,17,50,25.9,9.6,4.36455,1.05,4.5827775
106,431,17,26,25.9,9.6,4.36455,1.05,2.778027
106,576,16,28,25.9,9.6,4.36455,1.05,3.71263
106,417,28,46,25.9,9.6,4.36455,1.05,2.687789
106,451,26,36,25.9,9.6,4.36455,1.05,2.906938
106,538,26,28,25.9,9.6,4.36455,1.05,3.467699
106,590,28,45,25.9,9.6,4.36455,1.05,3.802867
106,285,16,57,25.9,9.6,4.36455,1.05,0
106,120,15,47,25.9,9.6,4.36455,1.05,0
107,700,23,28,24.9,9.5,4.29624,1.05,4.511052
107,689,21,43,24.9,9.5,4.29624,1.05,4.511052
107,485,21,47,24.9,9.5,4.29624,1.05,3.125515
107,586,18,40,24.9,9.5,4.29624,1.05,3.776395
107,448,21,34,24.9,9.5,4.29624,1.05,2.887073
107,423,23,29,24.9,9.5,4.29624,1.05,2.725964
107,564,27,36,24.9,9.5,4.29624,1.05,3.634619
107,484,22,43,24.9,9.5,4.29624,1.05,3.11907
107,168,26,40,24.9,9.5,4.29624,1.05,0
107,307,18,38,24.9,9.5,4.29624,1.05,0
108,661,22,30,26.1,9.9,4.3956,1.05,4.61538
108,629,26,50,26.1,9.9,4.3956,1.05,4.61538
108,577,14,26,26.1,9.9,4.3956,1.05,4.028857
108,404,20,26,26.1,9.9,4.3956,1.05,2.820898
108,551,18,50,26.1,9.9,4.3956,1.05,3.847314
108,466,21,25,26.1,9.9,4.3956,1.05,3.253808
108,524,14,44,26.1,9.9,4.3956,1.05,3.658788
108,540,21,50,26.1,9.9,4.3956,1.05,3.770507
108,325,15,55,26.1,9.9,4.3956,1.05,0
108,211,27,31,26.1,9.9,4.3956,1.05,0
109,710,16,45,25.4,9,4.29624,1.05,4.511052
109,653,14,54,25.4,9,4.29624,1.05,4.511052
109,434,16,38,25.4,9,4.29624,1.05,2.75746
109,424,16,33,25.4,9,4.29624,1.05,2.693924
109,590,22,26,25.4,9,4.29624,1.05,3.748621
109,373,17,28,25.4,9,4.29624,1.05,2.369891
109,491,16,52,25.4,9,4.29624,1.05,3.119615
109,544,25,26,25.4,9,4.29624,1.05,3.456355
109,261,24,49,25.4,9,4.29624,1.05,0
109,365,16,54,25.4,9,4.29624,1.05,0
110,670,21,40,25.9,10,4.38939,1.05,4.6088595
110,603,18,46,25.9,10,4.38939,1.05,4.6088595
110,563,20,31,25.9,10,4.38939,1.05,3.872818
110,447,17,29,25.9,10,4.38939,1.05,3.074866
110,372,26,55,25.9,10,4.38939,1.05,2.558949
110,410,22,54,25.9,10,4.38939,1.05,2.820347
110,534,24,46,25.9,10,4.38939,1.05,3.67333
110,505,25,25,25.9,10,4.38939,1.05,3.473842
110,111,23,37,25.9,10,4.38939,1.05,0
110,306,27,46,25.9,10,4.38939,1.05,0
111,717,20,49,25.5,9.1,4.30866,1.05,4.524093
111,714,19,37,25.5,9.1,4.30866,1.05,4.524093
111,456,20,41,25.5,9.1,4.30866,1.05,2.877247
111,545,21,33,25.5,9.1,4.30866,1.05,3.438815
111,430,14,41,25.5,9.1,4.30866,1.05,2.713194
111,483,15,30,25.5,9.1,4.30866,1.05,3.047611
111,595,18,49,25.5,9.1,4.30866,1.05,3.754303
111,559,28,25,25.5,9.1,4.30866,1.05,3.527152
111,326,24,30,25.5,9.1,4.30866,1.05,0
111,268,17,35,25.5,9.1,4.30866,1.05,0
112,670,27,46,25.6,9.1,4.31487,1.05,4.5306135
112,635,22,28,25.6,9.1,4.31487,1.05,4.5306135
112,386,28,51,25.6,9.1,4.31487,1.05,2.610174
112,546,16,52,25.6,9.1,4.31487,1.05,3.692112
112,510,23,26,25.6,9.1,4.31487,1.05,3.448676
112,577,17,34,25.6,9.1,4.31487,1.05,3.901737
112,496,16,48,25.6,9.1,4.31487,1.05,3.354006
112,584,24,52,25.6,9.1,4.31487,1.05,3.949072
112,141,17,25,25.6,9.1,4.31487,1.05,0
112,159,19,45,25.6,9.1,4.31487,1.05,0
113,651,22,31,25,8.9,4.26519,1.05,4.4784495
113,631,27,44,25,8.9,4.26519,1.05,4.4784495
113,406,18,28,25,8.9,4.26519,1.05,2.793012
113,408,16,56,25,8.9,4.26519,1.05,2.80677
113,584,21,51,25,8.9,4.26519,1.05,4.017534
113,587,25,29,25,8.9,4.26519,1.05,4.038172
113,457,16,32,25,8.9,4.26519,1.05,3.143858
113,566,28,54,25,8.9,4.26519,1.05,3.893706
113,272,28,33,25,8.9,4.26519,1.05,0
113,275,20,38,25,8.9,4.26519,1.05,0
114,668,16,56,24.9,8.8,4.25277,1.05,4.4654085
114,639,18,46,24.9,8.8,4.25277,1.05,4.4654085
114,479,16,27,24.9,8.8,4.25277,1.05,3.201992
114,538,22,41,24.9,8.8,4.25277,1.05,3.596392
114,405,23,54,24.9,8.8,4.25277,1.05,2.707321
114,523,15,44,24.9,8.8,4.25277,1.05,3.496121
114,522,25,56,24.9,8.8,4.25277,1.05,3.489436
114,477,14,56,24.9,8.8,4.25277,1.05,3.188623
114,263,21,35,24.9,8.8,4.25277,1.05,0
114,353,19,46,24.9,8.8,4.25277,1.05,0
115,696,23,53,25.1,9.3,4.29624,1.05,4.511052
115,685,19,47,25.1,9.3,4.29624,1.05,4.511052
115,377,15,44,25.1,9.3,4.29624,1.05,2.443487
115,533,24,46,25.1,9.3,4.29624,1.05,3.454584
115,391,22,37,25.1,9.3,4.29624,1.05,2.534226
115,466,16,53,25.1,9.3,4.29624,1.05,3.020331
115,426,18,33,25.1,9.3,4.29624,1.05,2.761075
115,523,14,30,25.1,9.3,4.29624,1.05,3.38977
115,320,28,40,25.1,9.3,4.29624,1.05,0
115,292,20,28,25.1,9.3,4.29624,1.05,0
116,695,24,54,25.1,8.9,4.2714,0.7,2.98998
116,681,17,47,25.1,8.9,4.2714,0.7,2.98998
116,563,22,40,25.1,8.9,4.2714,0.7,2.422099
116,520,20,49,25.1,8.9,4.2714,0.7,2.237107
116,373,26,27,25.1,8.9,4.2714,0.7,1.604694
116,544,15,32,25.1,8.9,4.2714,0.7,2.340358
116,420,15,25,25.1,8.9,4.2714,0.7,1.806894
116,521,17,48,25.1,8.9,4.2714,0.7,2.241409
116,207,28,44,25.1,8.9,4.2714,0.7,0
116,222,18,38,25.1,8.9,4.2714,0.7,0
117,672,24,48,25.4,9.1,4.30245,0.7,3.011715
117,653,27,35,25.4,9.1,4.30245,0.7,3.011715
117,509,14,36,25.4,9.1,4.30245,0.7,2.281195
117,477,27,28,25.4,9.1,4.30245,0.7,2.13778
117,588,14,34,25.4,9.1,4.30245,0.7,2.635251
117,454,25,32,25.4,9.1,4.30245,0.7,2.0347
117,538,17,52,25.4,9.1,4.30245,0.7,2.411165
117,563,23,39,25.4,9.1,4.30245,0.7,2.523208
117,204,15,38,25.4,9.1,4.30245,0.7,0
117,366,18,43,25.4,9.1,4.30245,0.7,0
118,679,25,51,25,9.2,4.28382,0.7,2.998674
118,650,26,52,25,9.2,4.28382,0.7,2.998674
118,461,28,34,25,9.2,4.28382,0.7,2.035919
118,398,21,58,25,9.2,4.28382,0.7,1.757691
118,397,15,57,25,9.2,4.28382,0.7,1.753275
118,597,21,31,25,9.2,4.28382,0.7,2.636537
118,452,20,36,25,9.2,4.28382,0.7,1.996172
118,459,27,54,25,9.2,4.28382,0.7,2.027086
118,152,20,53,25,9.2,4.28382,0.7,0
118,151,18,31,25,9.2,4.28382,0.7,0
119,654,25,31,24.9,9.5,4.29624,0.7,3.007368
119,622,24,39,24.9,9.5,4.29624,0.7,3.007368
119,425,28,51,24.9,9.5,4.29624,0.7,1.954329
119,529,26,54,24.9,9.5,4.29624,0.7,2.432565
119,536,27,28,24.9,9.5,4.29624,0.7,2.464754
119,397,17,53,24.9,9.5,4.29624,0.7,1.825574
119,535,24,25,24.9,9.5,4.29624,0.7,2.460156
119,562,17,56,24.9,9.5,4.29624,0.7,2.584313
119,257,23,34,24.9,9.5,4.29624,0.7,0
119,193,17,57,24.9,9.5,4.29624,0.7,0
120,680,16,31,24.8,9.4,4.28382,0.7,2.998674
120,636,15,38,24.8,9.4,4.28382,0.7,2.998674
120,540,24,50,24.8,9.4,4.28382,0.7,2.3813
120,552,24,49,24.8,9.4,4.28382,0.7,2.434218
120,496,26,42,24.8,9.4,4.28382,0.7,2.187268
120,500,20,58,24.8,9.4,4.28382,0.7,2.204907
120,448,27,47,24.8,9.4,4.28382,0.7,1.975597
120,450,16,53,24.8,9.4,4.28382,0.7,1.984417
120,264,26,44,24.8,9.4,4.28382,0.7,0
120,190,21,51,24.8,9.4,4.28382,0.7,0
